,city_ascii,state_id,state_name,lat,lng,population,Density(km^2),Unique City,No. of Charge Stations,Land Area (sq km),radius m,No. of McDonald's
0,NEW YORK,NY,New York,40.6943,-73.9249,18713220,10715,"NEW YORK, NY",321,8936,53333,258
1,LOS ANGELES,CA,California,34.1139,-118.4068,12750807,3276,"LOS ANGELES, CA",759,4496,37830,195
2,CHICAGO,IL,Illinois,41.8373,-87.6862,8604203,4574,"CHICAGO, IL",164,6326,44873,16
3,MIAMI,FL,Florida,25.7839,-80.2102,6445545,5019,"MIAMI, FL",147,3208,31955,50
4,DALLAS,TX,Texas,32.7936,-96.7662,5743938,1526,"DALLAS, TX",134,4607,38294,142
5,PHILADELPHIA,PA,Pennsylvania,40.0077,-75.1339,5649300,4554,"PHILADELPHIA, PA",60,5131,40413,53
6,HOUSTON,TX,Texas,29.7863,-95.3889,5464251,1399,"HOUSTON, TX",183,4299,36992,140
7,ATLANTA,GA,Georgia,33.7627,-84.4224,5449398,1441,"ATLANTA, GA",324,6851,46698,57
8,WASHINGTON,DC,District of Columbia,38.9047,-77.0163,5379184,4457,"WASHINGTON, DC",167,3423,33008,56
9,BOSTON,MA,Massachusetts,42.3188,-71.0846,4688346,5532,"BOSTON, MA",123,4852,39299,29
10,PHOENIX,AZ,Arizona,33.5722,-112.0891,4219697,1253,"PHOENIX, AZ",134,2969,30741,84
11,SEATTLE,WA,Washington,47.6211,-122.3244,3789215,3469,"SEATTLE, WA",220,2616,28856,48
12,SAN FRANCISCO,CA,California,37.7562,-122.443,3592294,7256,"SAN FRANCISCO, CA",216,1356,20775,16
13,DETROIT,MI,Michigan,42.3834,-83.1024,3506126,1864,"DETROIT, MI",53,3463,33201,50
14,SAN DIEGO,CA,California,32.8312,-117.1225,3220118,1686,"SAN DIEGO, CA",316,1896,24566,71
15,MINNEAPOLIS,MN,Minnesota,44.9635,-93.2678,2977172,3071,"MINNEAPOLIS, MN",61,2646,29021,52
16,TAMPA,FL,Florida,27.9942,-82.4451,2908063,1353,"TAMPA, FL",85,2478,28085,72
17,DENVER,CO,Colorado,39.7621,-104.8759,2876625,1831,"DENVER, CO",173,1730,23466,74
18,RIVERSIDE,CA,California,33.9381,-117.3948,2107852,1574,"RIVERSIDE, CA",70,1411,21192,47
19,BALTIMORE,MD,Maryland,39.3051,-76.6144,2106068,2830,"BALTIMORE, MD",185,1857,24312,45
20,LAS VEGAS,NV,Nevada,36.2333,-115.2654,2104198,1773,"LAS VEGAS, NV",129,1079,18532,50
21,PORTLAND,OR,Oregon,45.5372,-122.65,2074775,1894,"PORTLAND, OR",143,1358,20790,63
22,SAN ANTONIO,TX,Texas,29.4658,-98.5253,2049293,1231,"SAN ANTONIO, TX",89,1546,22183,75
23,ST. LOUIS,MO,Missouri,38.6358,-90.2451,2024074,1879,"ST. LOUIS, MO",28,2392,27593,50
24,SACRAMENTO,CA,California,38.5667,-121.4683,1898019,2029,"SACRAMENTO, CA",124,1219,19698,66
25,ORLANDO,FL,Florida,28.4772,-81.3369,1822394,1003,"ORLANDO, FL",171,1548,22197,78
26,SAN JOSE,CA,California,37.3019,-121.8486,1798103,2218,"SAN JOSE, CA",171,740,15347,50
27,CLEVELAND,OH,Ohio,41.4767,-81.6804,1710093,1893,"CLEVELAND, OH",16,1999,25225,55
28,PITTSBURGH,PA,Pennsylvania,40.4396,-79.9762,1703266,2093,"PITTSBURGH, PA",90,2344,27315,50
29,AUSTIN,TX,Texas,30.3004,-97.7522,1687311,1181,"AUSTIN, TX",283,1354,20760,49
30,CINCINNATI,OH,Ohio,39.1413,-84.5061,1662691,1507,"CINCINNATI, OH",42,2040,25482,50
31,KANSAS CITY,MO,Missouri,39.1239,-94.5541,1636715,607,"KANSAS CITY, MO",168,1755,23635,73
32,INDIANAPOLIS,IN,Indiana,39.7771,-86.1458,1588961,935,"INDIANAPOLIS, IN",44,1827,24115,50
33,COLUMBUS,OH,Ohio,39.9862,-82.985,1562009,1582,"COLUMBUS, OH",132,1322,20513,69
34,CHARLOTTE,NC,North Carolina,35.208,-80.8304,1512923,1113,"CHARLOTTE, NC",97,1920,24721,50
35,VIRGINIA BEACH,VA,Virginia,36.7335,-76.0435,1478868,709,"VIRGINIA BEACH, VA",30,1335,20614,43
36,MILWAUKEE,WI,Wisconsin,43.0642,-87.9673,1365787,2369,"MILWAUKEE, WI",34,1413,21207,50
37,PROVIDENCE,RI,Rhode Island,41.823,-71.4187,1203230,3773,"PROVIDENCE, RI",39,1411,21192,14
38,JACKSONVILLE,FL,Florida,30.3322,-81.6749,1181496,470,"JACKSONVILLE, FL",80,1373,20905,50
39,SALT LAKE CITY,UT,Utah,40.7777,-111.9306,1098526,699,"SALT LAKE CITY, UT",108,719,15128,45
40,NASHVILLE,TN,Tennessee,36.1715,-86.7843,1081903,544,"NASHVILLE, TN",96,1459,21550,49
41,RICHMOND,VA,Virginia,37.5295,-77.4756,1075798,1484,"RICHMOND, VA",53,1274,20137,44
42,MEMPHIS,TN,Tennessee,35.1046,-89.9773,1066967,792,"MEMPHIS, TN",24,1288,20248,48
43,RALEIGH,NC,North Carolina,35.8325,-78.6435,1038738,1254,"RALEIGH, NC",81,1342,20668,50
44,NEW ORLEANS,LA,Louisiana,30.0687,-89.9288,1020886,889,"NEW ORLEANS, LA",18,651,14395,37
45,LOUISVILLE,KY,Kentucky,38.1663,-85.6485,1005654,905,"LOUISVILLE, KY",46,1234,19819,50
46,OKLAHOMA CITY,OK,Oklahoma,35.4676,-97.5136,972943,417,"OKLAHOMA CITY, OK",34,1063,18394,58
47,BRIDGEPORT,CT,Connecticut,41.1918,-73.1953,924449,3470,"BRIDGEPORT, CT",6,1207,19601,12
48,BUFFALO,NY,New York,42.9016,-78.8487,914341,2441,"BUFFALO, NY",63,984,17697,39
49,HARTFORD,CT,Connecticut,41.7661,-72.6834,905152,2712,"HARTFORD, CT",25,1337,20629,9
50,TUCSON,AZ,Arizona,32.1545,-110.8782,888486,889,"TUCSON, AZ",48,915,17066,39
51,OMAHA,NE,Nebraska,41.2627,-96.0522,847819,1309,"OMAHA, NE",29,702,14948,30
52,EL PASO,TX,Texas,31.8479,-106.4309,843386,1022,"EL PASO, TX",20,649,14372,39
53,MCALLEN,TX,Texas,26.2273,-98.2471,804114,841,"MCALLEN, TX",7,927,17177,11
54,ALBUQUERQUE,NM,New Mexico,35.1053,-106.6464,761195,1155,"ALBUQUERQUE, NM",28,649,14372,41
55,BIRMINGHAM,AL,Alabama,33.5277,-86.7987,739573,553,"BIRMINGHAM, AL",22,1372,20897,42
56,SARASOTA,FL,Florida,27.3386,-82.5431,722243,1528,"SARASOTA, FL",47,846,16410,15
57,DAYTON,OH,Ohio,39.7797,-84.1998,718353,978,"DAYTON, OH",24,910,17019,45
58,ROCHESTER,NY,New York,43.168,-77.6162,703952,2220,"ROCHESTER, NY",66,840,16351,28
59,FRESNO,CA,California,36.7831,-119.7941,703498,1789,"FRESNO, CA",61,443,11874,36
60,ALLENTOWN,PA,Pennsylvania,40.5961,-75.4756,683794,2672,"ALLENTOWN, PA",18,896,16888,14
61,TULSA,OK,Oklahoma,36.1284,-95.9042,671033,784,"TULSA, OK",39,870,16641,41
62,CAPE CORAL,FL,Florida,26.6446,-81.9956,668382,708,"CAPE CORAL, FL",1,855,16497,20
63,CONCORD,CA,California,37.9722,-122.0016,652308,1633,"CONCORD, CA",21,527,12951,9
64,COLORADO SPRINGS,CO,Colorado,38.8674,-104.7606,642413,946,"COLORADO SPRINGS, CO",38,486,12437,24
65,CHARLESTON,SC,South Carolina,32.8153,-79.9628,628377,480,"CHARLESTON, SC",22,759,15543,10
66,SPRINGFIELD,MA,Massachusetts,42.1155,-72.5395,623401,1860,"SPRINGFIELD, MA",15,902,16944,18
67,GRAND RAPIDS,MI,Michigan,42.962,-85.6562,609314,1734,"GRAND RAPIDS, MI",37,726,15201,34
68,MISSION VIEJO,CA,California,33.6095,-117.655,590249,2058,"MISSION VIEJO, CA",7,389,11127,13
69,ALBANY,NY,New York,42.6664,-73.7987,586383,1740,"ALBANY, NY",55,765,15604,5
70,KNOXVILLE,TN,Tennessee,35.9692,-83.9496,586048,733,"KNOXVILLE, TN",43,1134,18999,36
71,BAKERSFIELD,CA,California,35.3529,-119.0359,579295,990,"BAKERSFIELD, CA",21,358,10674,27
72,OGDEN,UT,Utah,41.2278,-111.9682,578523,1230,"OGDEN, UT",19,563,13386,13
73,BATON ROUGE,LA,Louisiana,30.4418,-91.131,570308,983,"BATON ROUGE, LA",23,950,17389,23
74,AKRON,OH,Ohio,41.0798,-81.5219,565208,1231,"AKRON, OH",14,842,16371,39
75,NEW HAVEN,CT,Connecticut,41.3112,-72.9246,564830,2690,"NEW HAVEN, CT",15,792,15877,13
76,COLUMBIA,SC,South Carolina,34.0376,-80.9037,560041,373,"COLUMBIA, SC",33,984,17697,29
77,PALM BAY,FL,Florida,27.955,-80.6627,507002,456,"PALM BAY, FL",2,600,13819,12
78,PROVO,UT,Utah,40.2457,-111.6457,500617,1080,"PROVO, UT",8,437,11794,5
79,WORCESTER,MA,Massachusetts,42.2705,-71.8079,498328,1916,"WORCESTER, MA",22,787,15827,9
80,MURRIETA,CA,California,33.572,-117.1909,496046,1335,"MURRIETA, CA",14,418,11534,11
81,GREENVILLE,SC,South Carolina,34.8353,-82.3647,484465,920,"GREENVILLE, SC",37,829,16244,18
82,WICHITA,KS,Kansas,37.6896,-97.3442,482249,931,"WICHITA, KS",9,556,13303,32
83,TOLEDO,OH,Ohio,41.6639,-83.5822,482111,1308,"TOLEDO, OH",11,622,14070,31
84,DES MOINES,IA,Iowa,41.5725,-93.6105,473957,938,"DES MOINES, IA",13,519,12853,18
85,PORT ST. LUCIE,FL,Florida,27.2796,-80.3883,461152,653,"PORT ST. LUCIE, FL",3,539,13098,22
86,DENTON,TX,Texas,33.2176,-97.1419,457177,567,"DENTON, TX",13,376,10940,7
87,MADISON,WI,Wisconsin,43.0826,-89.3931,447245,1263,"MADISON, WI",63,391,11156,26
88,RENO,NV,Nevada,39.5497,-119.8483,445020,907,"RENO, NV",50,425,11631,21
89,HARRISBURG,PA,Pennsylvania,40.2752,-76.8843,442289,2343,"HARRISBURG, PA",9,672,14625,18
90,LITTLE ROCK,AR,Arkansas,34.7256,-92.3576,439815,634,"LITTLE ROCK, AR",24,669,14592,25
91,DURHAM,NC,North Carolina,35.9794,-78.9031,424700,959,"DURHAM, NC",42,470,12231,28
92,BONITA SPRINGS,FL,Florida,26.3559,-81.7861,421291,600,"BONITA SPRINGS, FL",3,484,12412,2
93,INDIO,CA,California,33.7346,-116.2346,417059,1066,"INDIO, CA",11,372,10881,8
94,PALM COAST,FL,Florida,29.5392,-81.246,417007,364,"PALM COAST, FL",4,464,12153,4
95,CHATTANOOGA,TN,Tennessee,35.0657,-85.2488,415501,493,"CHATTANOOGA, TN",43,777,15726,19
96,SPOKANE,WA,Washington,47.6671,-117.433,412275,1247,"SPOKANE, WA",49,547,13195,21
97,SYRACUSE,NY,New York,43.0409,-76.1438,404223,2195,"SYRACUSE, NY",19,504,12666,15
98,LANCASTER,PA,Pennsylvania,40.0421,-76.3012,401524,3166,"LANCASTER, PA",33,641,14284,10
99,STOCKTON,CA,California,37.9765,-121.3109,397264,1941,"STOCKTON, CA",19,239,8722,25
100,POUGHKEEPSIE,NY,New York,41.6949,-73.921,394760,2290,"POUGHKEEPSIE, NY",11,847,16419,8
101,AUGUSTA,GA,Georgia,33.3645,-82.0708,390809,252,"AUGUSTA, GA",12,672,14625,16
102,BOISE,ID,Idaho,43.6007,-116.2312,389280,1056,"BOISE, ID",31,346,10494,14
103,OXNARD,CA,California,34.1963,-119.1815,387647,3040,"OXNARD, CA",29,218,8330,13
104,MODESTO,CA,California,37.6374,-121.0028,383134,1933,"MODESTO, CA",11,238,8703,17
105,KISSIMMEE,FL,Florida,28.3042,-81.4164,382720,1349,"KISSIMMEE, FL",30,409,11410,50
106,FAYETTEVILLE,AR,Arkansas,36.0713,-94.166,351246,625,"FAYETTEVILLE, AR",7,486,12437,12
107,PENSACOLA,FL,Florida,30.4427,-87.1886,346921,903,"PENSACOLA, FL",4,602,13842,20
108,VICTORVILLE,CA,California,34.5277,-117.3536,346789,641,"VICTORVILLE, CA",11,432,11726,6
109,LANCASTER,CA,California,34.6935,-118.1753,343304,645,"LANCASTER, CA",28,299,9755,12
110,GREENSBORO,NC,North Carolina,36.0956,-79.8269,343090,887,"GREENSBORO, NC",19,479,12347,21
111,CORPUS CHRISTI,TX,Texas,27.726,-97.3755,342464,789,"CORPUS CHRISTI, TX",10,311,9949,17
112,FORT WAYNE,IN,Indiana,41.0886,-85.1437,334122,943,"FORT WAYNE, IN",16,445,11901,18
113,FLINT,MI,Michigan,43.0235,-83.6922,332190,1103,"FLINT, MI",1,611,13945,18
114,SAN JUAN,PR,Puerto Rico,18.4037,-66.0636,331165,3234,"SAN JUAN, PR",1,2244,26726,3
115,FAYETTEVILLE,NC,North Carolina,35.0846,-78.9776,327435,552,"FAYETTEVILLE, NC",12,512,12766,17
116,JACKSON,MS,Mississippi,32.3163,-90.2124,325350,558,"JACKSON, MS",9,628,14138,15
117,SANTA ROSA,CA,California,38.4458,-122.7067,324634,1605,"SANTA ROSA, CA",51,253,8973,7
118,LANSING,MI,Michigan,42.7142,-84.5601,324286,1164,"LANSING, MI",14,409,11410,15
119,ANN ARBOR,MI,Michigan,42.2755,-83.7312,322267,1659,"ANN ARBOR, MI",24,413,11465,12
120,HUNTSVILLE,AL,Alabama,34.6988,-86.6412,319249,361,"HUNTSVILLE, AL",12,543,13146,8
121,LEXINGTON,KY,Kentucky,38.0423,-84.4587,317110,439,"LEXINGTON, KY",12,226,8481,9
122,MOBILE,AL,Alabama,30.6783,-88.1162,315502,522,"MOBILE, AL",24,576,13540,25
123,FORT COLLINS,CO,Colorado,40.5478,-105.0656,312666,1149,"FORT COLLINS, CO",49,284,9507,6
124,ASHEVILLE,NC,North Carolina,35.5704,-82.5536,312507,786,"ASHEVILLE, NC",33,686,14777,13
125,SANTA CLARITA,CA,California,34.4175,-118.4964,312446,1162,"SANTA CLARITA, CA",15,198,7938,11
126,ANTIOCH,CA,California,37.9789,-121.7958,302419,1466,"ANTIOCH, CA",8,210,8175,9
127,LAKELAND,FL,Florida,28.0556,-81.9545,302284,654,"LAKELAND, FL",12,378,10969,14
128,TRENTON,NJ,New Jersey,40.2236,-74.7641,290716,4238,"TRENTON, NJ",4,273,9321,8
129,LINCOLN,NE,Nebraska,40.809,-96.6788,289490,1160,"LINCOLN, NE",24,229,8537,13
130,SPRINGFIELD,MO,Missouri,37.1943,-93.2916,288090,786,"SPRINGFIELD, MO",31,368,10823,16
131,DAVENPORT,IA,Iowa,41.5563,-90.6052,285362,617,"DAVENPORT, IA",13,358,10674,13
132,ROCKFORD,IL,Illinois,42.2597,-89.0641,282762,873,"ROCKFORD, IL",7,396,11227,15
133,SOUTH BEND,IN,Indiana,41.6767,-86.2696,280498,938,"SOUTH BEND, IN",9,417,11521,19
134,SHREVEPORT,LA,Louisiana,32.4656,-93.7956,280062,672,"SHREVEPORT, LA",3,479,12347,17
135,SAVANNAH,GA,Georgia,32.0281,-81.1784,276295,536,"SAVANNAH, GA",26,428,11672,13
136,MYRTLE BEACH,SC,South Carolina,33.7096,-78.8843,275579,568,"MYRTLE BEACH, SC",17,493,12527,9
137,EUGENE,OR,Oregon,44.0563,-123.1173,273439,1510,"EUGENE, OR",20,224,8444,11
138,CANTON,OH,Ohio,40.8075,-81.3677,269418,1040,"CANTON, OH",6,431,11712,18
139,LUBBOCK,TX,Texas,33.5659,-101.8878,267648,741,"LUBBOCK, TX",7,249,8902,13
140,READING,PA,Pennsylvania,40.34,-75.9267,267155,3466,"READING, PA",4,269,9253,9
141,WINTER HAVEN,FL,Florida,28.0118,-81.7017,267069,538,"WINTER HAVEN, FL",1,348,10524,9
142,SALEM,OR,Oregon,44.9231,-123.0246,266804,1382,"SALEM, OR",35,196,7898,13
143,LAFAYETTE,LA,Louisiana,30.2084,-92.0323,264357,877,"LAFAYETTE, LA",9,462,12126,14
144,LAREDO,TX,Texas,27.5629,-99.4875,262079,958,"LAREDO, TX",3,170,7356,12
145,CONCORD,NC,North Carolina,35.3933,-80.6366,261801,585,"CONCORD, NC",14,466,12179,28
146,COLUMBUS,GA,Georgia,32.51,-84.8771,261445,349,"COLUMBUS, GA",13,380,10998,14
147,MCKINNEY,TX,Texas,33.2015,-96.6669,258277,1148,"MCKINNEY, TX",9,191,7797,41
148,KILLEEN,TX,Texas,31.0754,-97.7296,258009,1073,"KILLEEN, TX",4,219,8349,12
149,TALLAHASSEE,FL,Florida,30.4551,-84.2526,257601,747,"TALLAHASSEE, FL",18,327,10202,13
150,PEORIA,IL,Illinois,40.752,-89.6153,256286,888,"PEORIA, IL",9,371,10867,15
151,WILMINGTON,NC,North Carolina,34.21,-77.8866,255616,929,"WILMINGTON, NC",17,346,10494,12
152,MONTGOMERY,AL,Alabama,32.3473,-86.2666,254634,479,"MONTGOMERY, AL",9,397,11241,18
153,ANCHORAGE,AK,Alaska,61.1508,-149.1091,247949,65,"ANCHORAGE, AK",8,220,8368,16
154,VISALIA,CA,California,36.3276,-119.3269,237386,1370,"VISALIA, CA",12,164,7225,11
155,ATLANTIC CITY,NJ,New Jersey,39.3797,-74.4527,237054,1354,"ATLANTIC CITY, NJ",5,324,10155,6
156,NASHUA,NH,New Hampshire,42.7491,-71.491,233917,1118,"NASHUA, NH",3,472,12257,6
157,YORK,PA,Pennsylvania,39.9651,-76.7315,233184,3204,"YORK, PA",10,342,10433,9
158,EVANSVILLE,IN,Indiana,37.9881,-87.5341,230427,962,"EVANSVILLE, IN",6,307,9885,12
159,AVONDALE,AZ,Arizona,33.3858,-112.3236,227289,750,"AVONDALE, AZ",3,227,8500,12
160,GULFPORT,MS,Mississippi,30.4271,-89.0703,220987,497,"GULFPORT, MS",5,426,11644,11
161,APPLETON,WI,Wisconsin,44.2779,-88.3891,220570,1156,"APPLETON, WI",9,268,9236,9
162,BREMERTON,WA,Washington,47.5436,-122.7122,218400,561,"BREMERTON, WA",9,353,10600,6
163,HICKORY,NC,North Carolina,35.7425,-81.323,218323,536,"HICKORY, NC",2,677,14679,9
164,COLLEGE STATION,TX,Texas,30.5852,-96.296,215243,890,"COLLEGE STATION, TX",10,185,7673,8
165,KALAMAZOO,MI,Michigan,42.2749,-85.5882,215193,1192,"KALAMAZOO, MI",13,341,10418,13
166,THOUSAND OAKS,CA,California,34.1914,-118.8755,215029,885,"THOUSAND OAKS, CA",25,221,8387,27
167,ROANOKE,VA,Virginia,37.2785,-79.958,214674,900,"ROANOKE, VA",11,321,10108,10
168,NORTH PORT,FL,Florida,27.0577,-82.1975,209070,274,"NORTH PORT, FL",1,308,9901,5
169,FARGO,ND,North Dakota,46.8652,-96.8292,208675,967,"FARGO, ND",12,182,7611,10
170,GREEN BAY,WI,Wisconsin,44.515,-87.9896,207557,887,"GREEN BAY, WI",10,272,9304,13
171,AMARILLO,TX,Texas,35.1988,-101.8311,205603,756,"AMARILLO, TX",6,210,8175,11
172,PORTLAND,ME,Maine,43.6773,-70.2715,203969,1185,"PORTLAND, ME",17,352,10585,6
173,SANTA BARBARA,CA,California,34.4285,-119.7202,202401,1808,"SANTA BARBARA, CA",41,144,6770,5
174,GAINESVILLE,FL,Florida,29.6804,-82.3458,202335,820,"GAINESVILLE, FL",23,225,8462,10
175,OLYMPIA,WA,Washington,47.0417,-122.8959,200915,1119,"OLYMPIA, WA",26,273,9321,9
176,NORWICH,CT,Connecticut,41.5495,-72.0882,200289,533,"NORWICH, CT",6,393,11184,3
177,DELTONA,FL,Florida,28.905,-81.2137,198361,960,"DELTONA, FL",6,249,8902,6
178,WACO,TX,Texas,31.5598,-97.1881,192315,605,"WACO, TX",5,233,8611,9
179,SALINAS,CA,California,36.6884,-121.6317,190972,2562,"SALINAS, CA",26,126,6333,9
180,WATERBURY,CT,Connecticut,41.5583,-73.0361,189614,1456,"WATERBURY, CT",6,233,8611,6
181,CLARKSVILLE,TN,Tennessee,36.5695,-87.342,188746,618,"CLARKSVILLE, TN",9,283,9491,7
182,CEDAR RAPIDS,IA,Iowa,41.9665,-91.6782,188038,720,"CEDAR RAPIDS, IA",13,216,8291,8
183,SIOUX FALLS,SD,South Dakota,43.5397,-96.732,187239,907,"SIOUX FALLS, SD",7,166,7269,7
184,HUNTINGTON,WV,West Virginia,38.4109,-82.4344,186034,1073,"HUNTINGTON, WV",4,337,10357,8
185,HAGERSTOWN,MD,Maryland,39.6401,-77.7217,184755,1272,"HAGERSTOWN, MD",10,345,10479,10
186,ERIE,PA,Pennsylvania,42.1168,-80.0733,184484,1926,"ERIE, PA",8,213,8234,10
187,NAMPA,ID,Idaho,43.5845,-116.5631,184428,1167,"NAMPA, ID",5,179,7548,7
188,SPARTANBURG,SC,South Carolina,34.9437,-81.9257,182701,730,"SPARTANBURG, SC",11,492,12514,11
189,GASTONIA,NC,North Carolina,35.2494,-81.1853,182581,577,"GASTONIA, NC",8,359,10689,21
190,MURFREESBORO,TN,Tennessee,35.8492,-86.4119,179951,919,"MURFREESBORO, TN",17,200,7978,10
191,HIGH POINT,NC,North Carolina,35.9907,-79.9938,179913,777,"HIGH POINT, NC",3,292,9640,14
192,HEMET,CA,California,33.7341,-116.9969,177253,1125,"HEMET, CA",6,127,6358,5
193,SANTA CRUZ,CA,California,36.9789,-122.0346,176428,1957,"SANTA CRUZ, CA",24,151,6932,4
194,DANBURY,CT,Connecticut,41.4016,-73.471,176030,779,"DANBURY, CT",14,341,10418,6
195,VALLEJO,CA,California,38.1133,-122.2358,173256,1524,"VALLEJO, CA",12,108,5863,8
196,MEDFORD,OR,Oregon,42.3372,-122.8537,170876,1243,"MEDFORD, OR",12,167,7290,6
197,MARYSVILLE,WA,Washington,48.0809,-122.1561,170009,1308,"MARYSVILLE, WA",4,211,8195,6
198,OCALA,FL,Florida,29.178,-82.1511,169383,496,"OCALA, FL",6,290,9607,11
199,FREDERICKSBURG,VA,Virginia,38.2992,-77.4872,168909,1072,"FREDERICKSBURG, VA",11,201,7998,12
200,GAINESVILLE,GA,Georgia,34.2903,-83.8301,167371,506,"GAINESVILLE, GA",6,327,10202,5
201,MANCHESTER,NH,New Hampshire,42.9848,-71.4447,162877,1315,"MANCHESTER, NH",6,223,8425,6
202,CHAMPAIGN,IL,Illinois,40.1144,-88.2735,159443,1503,"CHAMPAIGN, IL",14,121,6206,9
203,SPRINGFIELD,IL,Illinois,39.771,-89.6538,158509,723,"SPRINGFIELD, IL",9,239,8722,13
204,LAFAYETTE,IN,Indiana,40.399,-86.8594,157820,942,"LAFAYETTE, IN",7,166,7269,9
205,FREDERICK,MD,Maryland,39.4336,-77.4141,156787,1172,"FREDERICK, MD",20,190,7776,11
206,LAKE CHARLES,LA,Louisiana,30.2012,-93.2122,156181,674,"LAKE CHARLES, LA",5,327,10202,7
207,TUSCALOOSA,AL,Alabama,33.2348,-87.5267,155499,631,"TUSCALOOSA, AL",8,231,8574,9
208,WARNER ROBINS,GA,Georgia,32.597,-83.6529,155140,805,"WARNER ROBINS, GA",5,260,9097,7
209,MIDLAND,TX,Texas,32.0249,-102.1137,154793,758,"MIDLAND, TX",4,137,6603,4
210,LEESBURG,FL,Florida,28.7657,-81.8996,154574,249,"LEESBURG, FL",4,244,8812,5
211,PORT ARTHUR,TX,Texas,29.8554,-93.9264,154468,272,"PORT ARTHUR, TX",1,273,9321,3
212,MUSKEGON,MI,Michigan,43.2281,-86.2563,153565,998,"MUSKEGON, MI",7,290,9607,8
213,MACON,GA,Georgia,32.8065,-83.6974,153159,237,"MACON, GA",13,253,8973,9
214,NEW BEDFORD,MA,Massachusetts,41.6697,-70.9428,149910,1840,"NEW BEDFORD, MA",7,142,6723,7
215,FAIRFIELD,CA,California,38.2592,-122.0324,148683,1097,"FAIRFIELD, CA",22,102,5698,25
216,BINGHAMTON,NY,New York,42.1014,-75.9093,148145,1635,"BINGHAMTON, NY",12,192,7817,7
217,ELKHART,IN,Indiana,41.6916,-85.9628,147567,734,"ELKHART, IN",2,237,8685,6
218,TOPEKA,KS,Kansas,39.0346,-95.6955,147458,787,"TOPEKA, KS",11,206,8097,10
219,BEAUMONT,TX,Texas,30.0849,-94.1451,146091,547,"BEAUMONT, TX",3,237,8685,14
220,MERCED,CA,California,37.3057,-120.4778,145149,1390,"MERCED, CA",7,123,6257,5
221,PUEBLO,CO,Colorado,38.2705,-104.6112,143932,789,"PUEBLO, CO",11,192,7817,7
222,TYLER,TX,Texas,32.3184,-95.3062,143796,718,"TYLER, TX",6,233,8611,9
223,YUMA,AZ,Arizona,32.5992,-114.5488,142847,313,"YUMA, AZ",3,152,6955,7
224,COLUMBIA,MO,Missouri,38.9478,-92.3256,141645,725,"COLUMBIA, MO",5,160,7136,5
225,ATHENS,GA,Georgia,33.9508,-83.3689,141532,421,"ATHENS, GA",16,254,8991,7
226,SANTA MARIA,CA,California,34.9334,-120.4432,140545,1815,"SANTA MARIA, CA",13,75,4886,7
227,GRAND JUNCTION,CO,Colorado,39.0876,-108.5673,139143,621,"GRAND JUNCTION, CO",19,204,8058,5
228,CHARLESTON,WV,West Virginia,38.3484,-81.6323,138706,570,"CHARLESTON, WV",3,254,8991,7
229,GREELEY,CO,Colorado,40.4151,-104.7706,137810,858,"GREELEY, CO",8,106,5808,9
230,LAS CRUCES,NM,New Mexico,32.3265,-106.7892,136254,519,"LAS CRUCES, NM",4,167,7290,8
231,PANAMA CITY,FL,Florida,30.1995,-85.6004,136133,382,"PANAMA CITY, FL",5,238,8703,12
232,HARLINGEN,TX,Texas,26.1917,-97.6976,136037,626,"HARLINGEN, TX",2,214,8253,4
233,BLOOMINGTON,IL,Illinois,40.4757,-88.9703,133846,1100,"BLOOMINGTON, IL",19,127,6358,8
234,YAKIMA,WA,Washington,46.5923,-120.5496,133191,1300,"YAKIMA, WA",8,155,7024,8
235,BURLINGTON,NC,North Carolina,36.0758,-79.4686,131043,707,"BURLINGTON, NC",6,234,8630,7
236,BELLINGHAM,WA,Washington,48.7543,-122.4687,130641,1287,"BELLINGHAM, WA",23,124,6282,5
237,RACINE,WI,Wisconsin,42.7274,-87.8135,130142,1915,"RACINE, WI",1,128,6383,8
238,GREENVILLE,NC,North Carolina,35.5956,-77.3768,130118,1012,"GREENVILLE, NC",6,168,7312,8
239,JOHNSON CITY,TN,Tennessee,36.3406,-82.3803,127571,599,"JOHNSON CITY, TN",5,284,9507,10
240,LYNCHBURG,VA,Virginia,37.4003,-79.1909,126814,647,"LYNCHBURG, VA",9,230,8556,8
241,SIMI VALLEY,CA,California,34.2663,-118.749,126589,1167,"SIMI VALLEY, CA",13,81,5077,9
242,FORT SMITH,AR,Arkansas,35.3493,-94.3695,125354,536,"FORT SMITH, AR",1,183,7632,9
243,KENOSHA,WI,Wisconsin,42.5864,-87.8765,124972,1378,"KENOSHA, WI",4,132,6482,9
244,BOULDER,CO,Colorado,40.0249,-105.2523,124345,1551,"BOULDER, CO",89,84,5170,3
245,REDDING,CA,California,40.5698,-122.365,121313,599,"REDDING, CA",9,184,7653,5
246,ST. GEORGE,UT,Utah,37.077,-113.577,120899,449,"ST. GEORGE, UT",6,116,6076,4
247,BILLINGS,MT,Montana,45.7891,-108.5524,120728,948,"BILLINGS, MT",4,137,6603,9
248,YUBA CITY,CA,California,39.1357,-121.6381,120456,1736,"YUBA CITY, CA",4,100,5641,5
249,ROCHESTER,MN,Minnesota,44.0151,-92.4778,119942,831,"ROCHESTER, MN",14,131,6457,6
250,LEOMINSTER,MA,Massachusetts,42.5209,-71.7717,119690,558,"LEOMINSTER, MA",5,168,7312,5
251,KINGSPORT,TN,Tennessee,36.5224,-82.5453,119666,397,"KINGSPORT, TN",4,294,9673,7
252,DULUTH,MN,Minnesota,46.7756,-92.1392,119476,461,"DULUTH, MN",13,182,7611,7
253,ROCK HILL,SC,South Carolina,34.9416,-81.0244,119105,750,"ROCK HILL, SC",11,247,8866,6
254,GILROY,CA,California,37.0047,-121.5855,118993,1378,"GILROY, CA",7,117,6102,5
255,TEXAS CITY,TX,Texas,29.4128,-94.9658,118169,300,"TEXAS CITY, TX",2,196,7898,5
256,IOWA CITY,IA,Iowa,41.6559,-91.5303,118041,1133,"IOWA CITY, IA",14,118,6128,6
257,SAGINAW,MI,Michigan,43.4199,-83.9501,117958,1087,"SAGINAW, MI",1,184,7653,8
258,CHICO,CA,California,39.7575,-121.8152,117668,1191,"CHICO, CA",11,89,5322,4
259,DOVER,DE,Delaware,39.161,-75.5203,117282,622,"DOVER, DE",6,191,7797,6
260,NORMAN,OK,Oklahoma,35.2335,-97.3471,116973,269,"NORMAN, OK",14,116,6076,10
261,SEASIDE,CA,California,36.6224,-121.8191,116720,1410,"SEASIDE, CA",11,100,5641,3
262,ABILENE,TX,Texas,32.4543,-99.7384,116412,446,"ABILENE, TX",3,141,6699,4
263,BLOOMINGTON,IN,Indiana,39.1637,-86.5257,115884,1424,"BLOOMINGTON, IN",6,116,6076,4
264,ST. CLOUD,MN,Minnesota,45.5339,-94.1718,115028,660,"ST. CLOUD, MN",2,130,6432,7
265,MONROE,LA,Louisiana,32.5183,-92.0774,112891,623,"MONROE, LA",3,212,8214,8
266,UTICA,NY,New York,43.0961,-75.226,112650,1376,"UTICA, NY",4,161,7158,5
267,WATERLOO,IA,Iowa,42.492,-92.3522,111631,423,"WATERLOO, IA",4,161,7158,5
268,EL CENTRO,CA,California,32.7867,-115.5586,111425,1478,"EL CENTRO, CA",3,77,4950,3
269,SANTA FE,NM,New Mexico,35.6619,-105.9819,111269,625,"SANTA FE, NM",37,137,6603,5
270,BEND,OR,Oregon,44.0562,-121.3087,109802,1171,"BEND, OR",25,102,5698,5
271,BURLINGTON,VT,Vermont,44.4877,-73.2314,109763,1604,"BURLINGTON, VT",19,159,7114,5
272,JACKSONVILLE,NC,North Carolina,34.7288,-77.3941,108856,574,"JACKSONVILLE, NC",3,184,7653,6
273,EAU CLAIRE,WI,Wisconsin,44.8199,-91.4949,107404,812,"EAU CLAIRE, WI",5,178,7527,5
274,TURLOCK,CA,California,37.5053,-120.8588,107317,1679,"TURLOCK, CA",10,66,4583,4
275,TEMPLE,TX,Texas,31.1076,-97.3894,107258,429,"TEMPLE, TX",1,140,6675,9
276,SIOUX CITY,IA,Iowa,42.4959,-96.3901,106455,545,"SIOUX CITY, IA",3,140,6675,9
277,SALISBURY,MD,Maryland,38.3756,-75.5867,106447,927,"SALISBURY, MD",8,183,7632,5
278,MANTECA,CA,California,37.7927,-121.2264,103420,1498,"MANTECA, CA",5,56,4222,6
279,LONGMONT,CO,Colorado,40.1686,-105.1005,102474,1306,"LONGMONT, CO",34,67,4618,4
280,LOGAN,UT,Utah,41.74,-111.8419,101616,1126,"LOGAN, UT",14,113,5997,2
281,PRESCOTT VALLEY,AZ,Arizona,34.5983,-112.3176,101539,439,"PRESCOTT VALLEY, AZ",1,132,6482,1
282,VACAVILLE,CA,California,38.359,-121.968,101444,1330,"VACAVILLE, CA",22,71,4753,6
283,SAN ANGELO,TX,Texas,31.4424,-100.4506,100773,653,"SAN ANGELO, TX",1,120,6180,3
284,LA CROSSE,WI,Wisconsin,43.824,-91.2268,100693,911,"LA CROSSE, WI",6,132,6482,3
285,IDAHO FALLS,ID,Idaho,43.4872,-112.0362,100442,1011,"IDAHO FALLS, ID",5,115,6050,6
286,HOLLAND,MI,Michigan,42.7677,-86.0985,100432,768,"HOLLAND, MI",11,153,6978,6
287,CHARLOTTESVILLE,VA,Virginia,38.0375,-78.4855,100416,1781,"CHARLOTTESVILLE, VA",19,89,5322,5
288,LONGVIEW,TX,Texas,32.5193,-94.7621,100330,565,"LONGVIEW, TX",3,215,8272,7
289,TRACY,CA,California,37.7269,-121.4522,100049,1412,"TRACY, CA",5,57,4259,5
290,LAFAYETTE,CO,Colorado,39.9949,-105.0997,99645,1257,"LAFAYETTE, CO",9,102,5698,4
291,WICHITA FALLS,TX,Texas,33.9072,-98.5291,99557,561,"WICHITA FALLS, TX",2,130,6432,6
292,LAWRENCE,KS,Kansas,38.9597,-95.2641,98648,1110,"LAWRENCE, KS",4,78,4982,5
293,BISMARCK,ND,North Dakota,46.8144,-100.7694,98345,827,"BISMARCK, ND",4,100,5641,5
294,MANDEVILLE,LA,Louisiana,30.3751,-90.0904,95968,676,"MANDEVILLE, LA",2,169,7334,4
295,BOWLING GREEN,KY,Kentucky,36.9719,-86.4373,95135,690,"BOWLING GREEN, KY",8,117,6102,8
296,DOVER,NH,New Hampshire,43.1887,-70.8845,94563,464,"DOVER, NH",2,172,7399,1
297,HANFORD,CA,California,36.3274,-119.6549,94028,1280,"HANFORD, CA",13,71,4753,5
298,VINELAND,NJ,New Jersey,39.4653,-74.9981,93239,335,"VINELAND, NJ",1,160,7136,5
299,FLORENCE,SC,South Carolina,34.1781,-79.7877,93131,657,"FLORENCE, SC",9,184,7653,8
300,PORTSMOUTH,NH,New Hampshire,43.058,-70.7826,93069,540,"PORTSMOUTH, NH",9,240,8740,4
301,SLIDELL,LA,Louisiana,30.2881,-89.7826,93040,695,"SLIDELL, LA",4,151,6932,6
302,MISSOULA,MT,Montana,46.875,-114.0214,92895,845,"MISSOULA, MT",7,117,6102,4
303,AUBURN,AL,Alabama,32.6087,-85.4899,92777,425,"AUBURN, AL",9,129,6407,5
304,RAPID CITY,SD,South Dakota,44.0716,-103.2204,92664,546,"RAPID CITY, SD",7,109,5890,5
305,LEE'S SUMMIT,MO,Missouri,38.9172,-94.3816,92522,601,"LEE'S SUMMIT, MO",1,107,5836,5
306,TERRE HAUTE,IN,Indiana,39.4654,-87.3763,92490,677,"TERRE HAUTE, IN",3,138,6627,5
307,BLACKSBURG,VA,Virginia,37.23,-80.4279,91888,865,"BLACKSBURG, VA",9,132,6482,1
308,CONROE,TX,Texas,30.3239,-95.4825,91079,488,"CONROE, TX",10,345,10479,12
309,LIVERMORE,CA,California,37.6862,-121.7608,90923,1288,"LIVERMORE, CA",17,63,4478,6
310,LAWTON,OK,Oklahoma,34.6176,-98.4203,90712,441,"LAWTON, OK",1,114,6023,5
311,ALBANY,GA,Georgia,31.5776,-84.1762,89217,505,"ALBANY, GA",3,183,7632,5
312,STATE COLLEGE,PA,Pennsylvania,40.7909,-77.8568,87723,3572,"STATE COLLEGE, PA",14,74,4853,4
313,DECATUR,IL,Illinois,39.8556,-88.9337,87236,645,"DECATUR, IL",3,153,6978,6
314,JACKSON,MI,Michigan,42.2431,-84.4037,87110,1153,"JACKSON, MI",9,149,6886,7
315,DALTON,GA,Georgia,34.769,-84.9712,86628,632,"DALTON, GA",2,209,8156,3
316,ANDERSON,IN,Indiana,40.0891,-85.6893,85992,508,"ANDERSON, IN",1,171,7377,6
317,NAPA,CA,California,38.2976,-122.3011,85239,1679,"NAPA, CA",55,66,4583,2
318,MADERA,CA,California,36.9631,-120.0782,84086,1557,"MADERA, CA",10,58,4296,10
319,JOPLIN,MO,Missouri,37.0758,-94.5018,84048,515,"JOPLIN, MO",10,166,7269,7
320,PORT HURON,MI,Michigan,42.9822,-82.4387,82970,1369,"PORT HURON, MI",2,156,7046,7
321,SPRINGFIELD,OH,Ohio,39.9297,-83.7957,82820,883,"SPRINGFIELD, OH",2,126,6333,5
322,ZEPHYRHILLS,FL,Florida,28.2408,-82.1796,82476,670,"ZEPHYRHILLS, FL",5,112,5970,4
323,ST. AUGUSTINE,FL,Florida,29.8977,-81.31,82180,629,"ST. AUGUSTINE, FL",14,111,5944,4
324,FLAGSTAFF,AZ,Arizona,35.1872,-111.6195,81974,438,"FLAGSTAFF, AZ",18,90,5352,3
325,NEWARK,OH,Ohio,40.0705,-82.4251,80451,930,"NEWARK, OH",4,109,5890,5
326,WILLIAMSBURG,VA,Virginia,37.2692,-76.7076,80441,645,"WILLIAMSBURG, VA",17,144,6770,4
327,HATTIESBURG,MS,Mississippi,31.3074,-89.317,80138,331,"HATTIESBURG, MS",4,178,7527,7
328,ALEXANDRIA,LA,Louisiana,31.2923,-92.4702,80129,625,"ALEXANDRIA, LA",4,169,7334,6
329,FLORENCE,AL,Alabama,34.8303,-87.6654,79964,594,"FLORENCE, AL",4,160,7136,5
330,VALDOSTA,GA,Georgia,30.8502,-83.2788,79820,606,"VALDOSTA, GA",9,144,6770,6
331,CHEYENNE,WY,Wyoming,41.1351,-104.79,79484,771,"CHEYENNE, WY",4,91,5382,5
332,KOKOMO,IN,Indiana,40.464,-86.1277,79351,610,"KOKOMO, IN",1,93,5440,5
333,ST. JOSEPH,MO,Missouri,39.7599,-94.821,79161,656,"ST. JOSEPH, MO",2,108,5863,6
334,ALTON,IL,Illinois,38.9034,-90.1523,78905,652,"ALTON, IL",3,141,6699,4
335,ANDERSON,SC,South Carolina,34.5211,-82.6479,78512,736,"ANDERSON, SC",3,191,7797,7
336,LEBANON,PA,Pennsylvania,40.3412,-76.4227,78302,2397,"LEBANON, PA",1,116,6076,5
337,ELIZABETHTOWN,KY,Kentucky,37.703,-85.877,78002,437,"ELIZABETHTOWN, KY",4,147,6840,4
338,TEXARKANA,TX,Texas,33.4487,-94.0815,77964,482,"TEXARKANA, TX",1,166,7269,6
339,KANKAKEE,IL,Illinois,41.1019,-87.8643,77429,668,"KANKAKEE, IL",2,96,5527,5
340,WATSONVILLE,CA,California,36.9206,-121.7706,77352,3109,"WATSONVILLE, CA",10,59,4333,3
341,PORTERVILLE,CA,California,36.0644,-119.0338,77318,1236,"PORTERVILLE, CA",2,53,4107,2
342,DAVIS,CA,California,38.5552,-121.7365,76997,2710,"DAVIS, CA",30,36,3385,1
343,CAMARILLO,CA,California,34.223,-119.0322,76931,1371,"CAMARILLO, CA",15,57,4259,10
344,BATTLE CREEK,MI,Michigan,42.2986,-85.2296,76514,463,"BATTLE CREEK, MI",4,137,6603,7
345,JONESBORO,AR,Arkansas,35.8212,-90.6791,76247,377,"JONESBORO, AR",2,121,6206,6
346,SAN MARCOS,TX,Texas,29.8736,-97.9381,76218,732,"SAN MARCOS, TX",7,68,4652,4
347,LAKE JACKSON,TX,Texas,29.0516,-95.4522,75860,532,"LAKE JACKSON, TX",3,108,5863,4
348,OSHKOSH,WI,Wisconsin,44.0228,-88.5619,75536,958,"OSHKOSH, WI",7,79,5014,3
349,WHEELING,WV,West Virginia,40.0752,-80.6951,75392,740,"WHEELING, WV",1,121,6206,5
350,CONWAY,AR,Arkansas,35.0754,-92.4694,74951,567,"CONWAY, AR",7,102,5698,4
351,ALTOONA,PA,Pennsylvania,40.5082,-78.4007,74829,1710,"ALTOONA, PA",4,96,5527,6
352,LODI,CA,California,38.1218,-121.2932,74773,1913,"LODI, CA",14,41,3612,3
353,WALDORF,MD,Maryland,38.6085,-76.9195,74587,794,"WALDORF, MD",8,176,7484,5
354,WINCHESTER,VA,Virginia,39.1735,-78.1746,74417,1179,"WINCHESTER, VA",5,96,5527,8
355,HILTON HEAD ISLAND,SC,South Carolina,32.1896,-80.7499,74139,372,"HILTON HEAD ISLAND, SC",17,175,7463,4
356,JACKSON,TN,Tennessee,35.6535,-88.8353,74065,444,"JACKSON, TN",6,132,6482,5
357,CLEVELAND,TN,Tennessee,35.1817,-84.8707,73596,648,"CLEVELAND, TN",1,141,6699,5
358,WAUSAU,WI,Wisconsin,44.962,-89.6459,73593,774,"WAUSAU, WI",7,121,6206,5
359,MANSFIELD,OH,Ohio,40.7656,-82.5275,73326,583,"MANSFIELD, OH",2,130,6432,6
360,POCATELLO,ID,Idaho,42.8724,-112.4646,72878,657,"POCATELLO, ID",2,80,5046,3
361,MORGANTOWN,WV,West Virginia,39.638,-79.9468,72458,1181,"MORGANTOWN, WV",6,97,5556,7
362,HAMMOND,LA,Louisiana,30.5061,-90.4563,72413,589,"HAMMOND, LA",3,198,7938,5
363,DOTHAN,AL,Alabama,31.2335,-85.4069,72396,296,"DOTHAN, AL",2,143,6746,7
364,HARRISONBURG,VA,Virginia,38.4361,-78.8735,72386,1180,"HARRISONBURG, VA",12,84,5170,4
365,WENATCHEE,WA,Washington,47.4356,-120.3283,72350,1312,"WENATCHEE, WA",15,81,5077,2
366,SUMTER,SC,South Carolina,33.9392,-80.393,71518,469,"SUMTER, SC",1,170,7356,5
367,DAPHNE,AL,Alabama,30.6286,-87.8866,71484,603,"DAPHNE, AL",3,143,6746,2
368,MOUNT VERNON,WA,Washington,48.4202,-122.3115,71422,1130,"MOUNT VERNON, WA",4,89,5322,3
369,JANESVILLE,WI,Wisconsin,42.6855,-89.0136,70755,732,"JANESVILLE, WI",3,79,5014,4
370,SHERMAN,TX,Texas,33.6274,-96.6218,70704,372,"SHERMAN, TX",3,93,5440,2
371,BRISTOL,TN,Tennessee,36.5572,-82.2154,70243,318,"BRISTOL, TN",3,165,7247,4
372,WEST BEND,WI,Wisconsin,43.4184,-88.1824,69504,804,"WEST BEND, WI",2,99,5613,2
373,SHEBOYGAN,WI,Wisconsin,43.7403,-87.7316,69393,1184,"SHEBOYGAN, WI",6,86,5232,5
374,LOS LUNAS,NM,New Mexico,34.8115,-106.7803,69020,331,"LOS LUNAS, NM",2,179,7548,5
375,LIMA,OH,Ohio,40.741,-84.1121,68878,1045,"LIMA, OH",7,135,6555,6
376,DECATUR,AL,Alabama,34.573,-86.9906,68867,388,"DECATUR, AL",3,151,6932,4
377,HANOVER,PA,Pennsylvania,39.8117,-76.9835,68165,1641,"HANOVER, PA",1,93,5440,4
378,DUBUQUE,IA,Iowa,42.5008,-90.7067,68109,729,"DUBUQUE, IA",7,87,5262,4
379,VICTORIA,TX,Texas,28.8285,-96.985,68078,694,"VICTORIA, TX",3,75,4886,4
380,SARATOGA SPRINGS,NY,New York,43.0674,-73.7775,68028,388,"SARATOGA SPRINGS, NY",37,117,6102,2
381,AMES,IA,Iowa,42.0259,-93.6215,67910,935,"AMES, IA",5,60,4370,2
382,CASPER,WY,Wyoming,42.842,-106.3207,67598,843,"CASPER, WY",1,78,4982,3
383,CORVALLIS,OR,Oregon,44.5697,-123.278,67467,1592,"CORVALLIS, OR",17,54,4145,2
384,LONGVIEW,WA,Washington,46.1461,-122.9629,67081,1000,"LONGVIEW, WA",2,85,5201,3
385,DEKALB,IL,Illinois,41.9313,-88.7482,66959,1025,"DEKALB, IL",1,66,4583,4
386,PETALUMA,CA,California,38.2423,-122.6267,66929,1620,"PETALUMA, CA",16,55,4184,2
387,BAY CITY,MI,Michigan,43.5903,-83.8886,66107,1242,"BAY CITY, MI",2,104,5753,9
388,CARBONDALE,IL,Illinois,37.7221,-89.2238,65671,556,"CARBONDALE, IL",1,126,6333,2
389,GREAT FALLS,MT,Montana,47.5022,-111.2995,65131,982,"GREAT FALLS, MT",4,80,5046,3
390,MICHIGAN CITY,IN,Indiana,41.7099,-86.8705,65058,608,"MICHIGAN CITY, IN",2,100,5641,3
391,GRAND FORKS,ND,North Dakota,47.9218,-97.0886,64748,784,"GRAND FORKS, ND",4,63,4478,3
392,ROCKY MOUNT,NC,North Carolina,35.9676,-77.8048,64018,471,"ROCKY MOUNT, NC",6,119,6154,5
393,BELOIT,WI,Wisconsin,42.523,-89.0184,63762,822,"BELOIT, WI",1,89,5322,7
394,GLENS FALLS,NY,New York,43.3109,-73.6459,63499,1430,"GLENS FALLS, NY",13,107,5836,5
395,JOHNSTOWN,PA,Pennsylvania,40.3258,-78.9193,63141,1257,"JOHNSTOWN, PA",2,100,5641,6
396,ELMIRA,NY,New York,42.0938,-76.8097,62989,1440,"ELMIRA, NY",3,97,5556,4
397,MANKATO,MN,Minnesota,44.1712,-93.9773,62889,868,"MANKATO, MN",9,68,4652,3
398,ALBANY,OR,Oregon,44.6274,-123.0966,62880,1218,"ALBANY, OR",5,62,4442,2
399,PARKERSBURG,WV,West Virginia,39.2624,-81.542,62566,961,"PARKERSBURG, WV",3,109,5890,5
400,SAN LUIS OBISPO,CA,California,35.2669,-120.6691,62290,1374,"SAN LUIS OBISPO, CA",21,52,4068,1
401,SEBRING,FL,Florida,27.477,-81.453,62250,404,"SEBRING, FL",10,119,6154,3
402,CASA GRANDE,AZ,Arizona,32.9068,-111.7624,61966,204,"CASA GRANDE, AZ",3,57,4259,3
403,ROME,GA,Georgia,34.2661,-85.1862,61537,449,"ROME, GA",5,123,6257,3
404,MORRISTOWN,TN,Tennessee,36.2046,-83.3006,61171,426,"MORRISTOWN, TN",1,155,7024,4
405,GADSDEN,AL,Alabama,34.009,-86.0156,60944,362,"GADSDEN, AL",2,186,7694,4
406,HOT SPRINGS,AR,Arkansas,34.4892,-93.0501,60767,400,"HOT SPRINGS, AR",3,116,6076,7
407,WOODLAND,CA,California,38.6712,-121.75,60598,1527,"WOODLAND, CA",17,31,3141,2
408,COLUMBUS,IN,Indiana,39.2093,-85.9183,59897,660,"COLUMBUS, IN",2,70,4720,4
409,BANGOR,ME,Maine,44.8322,-68.7906,59772,363,"BANGOR, ME",3,110,5917,5
410,STAUNTON,VA,Virginia,38.1593,-79.0611,59433,483,"STAUNTON, VA",7,98,5585,3
411,BENTON HARBOR,MI,Michigan,42.1159,-86.4488,59216,858,"BENTON HARBOR, MI",5,120,6180,3
412,LEWISTON,ME,Maine,44.0915,-70.1681,58802,409,"LEWISTON, ME",1,91,5382,3
413,CARSON CITY,NV,Nevada,39.1512,-119.7474,58756,149,"CARSON CITY, NV",8,59,4333,4
414,MIDDLETOWN,NY,New York,41.4459,-74.4236,58592,2048,"MIDDLETOWN, NY",4,81,5077,2
415,JEFFERSON CITY,MO,Missouri,38.5676,-92.1759,58025,457,"JEFFERSON CITY, MO",3,103,5725,6
416,BECKLEY,WV,West Virginia,37.7878,-81.1841,57942,647,"BECKLEY, WV",1,157,7069,4
417,TITUSVILLE,FL,Florida,28.5727,-80.8193,57891,615,"TITUSVILLE, FL",5,77,4950,5
418,CARTERSVILLE,GA,Georgia,34.1639,-84.8007,57873,289,"CARTERSVILLE, GA",3,131,6457,6
419,WALLA WALLA,WA,Washington,46.067,-118.3366,57860,926,"WALLA WALLA, WA",15,71,4753,2
420,EAST STROUDSBURG,PA,Pennsylvania,41.0023,-75.1779,57577,1416,"EAST STROUDSBURG, PA",1,134,6530,3
421,GOLDSBORO,NC,North Carolina,35.3778,-77.972,57278,462,"GOLDSBORO, NC",3,137,6603,5
422,MANHATTAN,KS,Kansas,39.1886,-96.6046,57046,1062,"MANHATTAN, KS",6,53,4107,2
423,LAKE HAVASU CITY,AZ,Arizona,34.5006,-114.3113,56820,465,"LAKE HAVASU CITY, AZ",2,76,4918,1
424,CAPE GIRARDEAU,MO,Missouri,37.3108,-89.5597,56551,538,"CAPE GIRARDEAU, MO",2,90,5352,2
425,GRANTS PASS,OR,Oregon,42.4333,-123.3317,55837,1279,"GRANTS PASS, OR",7,70,4720,4
426,PITTSFIELD,MA,Massachusetts,42.4517,-73.2605,55697,402,"PITTSFIELD, MA",4,86,5232,2
427,FOND DU LAC,WI,Wisconsin,43.7718,-88.4396,55209,869,"FOND DU LAC, WI",2,74,4853,3
428,ITHACA,NY,New York,42.4442,-76.5032,55137,2209,"ITHACA, NY",25,63,4478,2
429,DELANO,CA,California,35.767,-119.2637,54917,1448,"DELANO, CA",3,25,2820,2
430,KINGSTON,NY,New York,41.9295,-73.9968,54791,1176,"KINGSTON, NY",23,110,5917,3
431,ARROYO GRANDE,CA,California,35.1241,-120.5845,54177,1168,"ARROYO GRANDE, CA",4,59,4333,4
432,BRUNSWICK,GA,Georgia,31.145,-81.474,53914,367,"BRUNSWICK, GA",11,112,5970,6
433,WILLIAMSPORT,PA,Pennsylvania,41.2398,-77.0371,53861,1246,"WILLIAMSPORT, PA",1,68,4652,3
434,LEWISTON,ID,Idaho,46.3934,-116.9934,53384,731,"LEWISTON, ID",1,73,4820,3
435,GRAND ISLAND,NE,Nebraska,40.9214,-98.3584,53296,665,"GRAND ISLAND, NE",2,72,4787,2
436,WATERTOWN,NY,New York,43.9734,-75.9094,53163,1061,"WATERTOWN, NY",10,106,5808,2
437,CHAMBERSBURG,PA,Pennsylvania,39.9315,-77.6556,53083,1178,"CHAMBERSBURG, PA",3,96,5527,3
438,LOMPOC,CA,California,34.6618,-120.4714,52020,1423,"LOMPOC, CA",4,27,2931,2
439,SIERRA VISTA,AZ,Arizona,31.563,-110.3153,51731,109,"SIERRA VISTA, AZ",3,78,4982,3
440,FARMINGTON,NM,New Mexico,36.7555,-108.1823,51309,497,"FARMINGTON, NM",6,90,5352,3
441,NEW BERN,NC,North Carolina,35.0955,-77.0723,51308,409,"NEW BERN, NC",5,112,5970,4
442,HINESVILLE,GA,Georgia,31.8247,-81.6135,51206,707,"HINESVILLE, GA",1,80,5046,3
443,BLOOMSBURG,PA,Pennsylvania,41.0027,-76.4561,49840,1226,"BLOOMSBURG, PA",4,84,5170,3
444,PASCAGOULA,MS,Mississippi,30.3665,-88.5507,48869,544,"PASCAGOULA, MS",1,102,5698,2
445,MONROE,MI,Michigan,41.9154,-83.385,48317,834,"MONROE, MI",3,83,5140,4
446,CUMBERLAND,MD,Maryland,39.6515,-78.7585,47980,740,"CUMBERLAND, MD",4,84,5170,7
447,DANVILLE,IL,Illinois,40.1423,-87.6114,47059,654,"DANVILLE, IL",1,77,4950,3
448,PINE BLUFF,AR,Arkansas,34.2116,-92.0178,45204,365,"PINE BLUFF, AR",1,96,5527,4
449,KAHULUI,HI,Hawaii,20.8715,-156.4603,32312,867,"KAHULUI, HI",17,43,3699,6
450,FORT WALTON BEACH,FL,Florida,30.4249,-86.6194,22521,1136,"FORT WALTON BEACH, FL",7,312,9965,0
451,WESTMINSTER,MD,Maryland,39.5796,-77.0066,18640,1077,"WESTMINSTER, MD",4,149,6886,2
452,LADY LAKE,FL,Florida,28.9241,-81.9299,16020,747,"LADY LAKE, FL",2,184,7653,4
453,ABERDEEN,MD,Maryland,39.5146,-76.173,16019,954,"ABERDEEN, MD",6,339,10387,4
